event_id,user_id,device_id,violation_type,policy_name,timestamp,severity,action_taken
POLICY_000000,USR_0131,DEV_00193,after_hours_access,Policy_40,2025-12-28T13:27:53.824381,high,logged
POLICY_000001,USR_0104,DEV_00239,after_hours_access,Policy_12,2026-01-01T21:27:53.824413,critical,alerted
POLICY_000002,USR_0010,DEV_00015,data_exfiltration,Policy_45,2026-01-01T20:27:53.824429,medium,alerted
POLICY_000003,USR_0090,DEV_00247,privilege_abuse,Policy_50,2025-12-27T03:27:53.824441,medium,logged
POLICY_000004,USR_0116,DEV_00152,after_hours_access,Policy_2,2025-12-29T07:27:53.824452,medium,alerted
POLICY_000005,USR_0098,DEV_00269,data_exfiltration,Policy_43,2025-12-31T12:27:53.824463,medium,alerted
POLICY_000006,USR_0010,DEV_00295,unauthorized_software,Policy_50,2025-12-27T13:27:53.824473,medium,blocked
POLICY_000007,USR_0058,DEV_00259,mfa_disabled,Policy_46,2025-12-27T20:27:53.824483,medium,alerted
POLICY_000008,USR_0121,DEV_00109,data_exfiltration,Policy_27,2025-12-27T17:27:53.824501,critical,blocked
POLICY_000009,USR_0034,DEV_00254,data_exfiltration,Policy_27,2025-12-30T02:27:53.824510,high,alerted
POLICY_000010,USR_0124,DEV_00242,after_hours_access,Policy_30,2025-12-27T06:27:53.824520,medium,logged
POLICY_000011,USR_0037,DEV_00273,unauthorized_software,Policy_14,2026-01-01T02:27:53.824529,medium,logged
POLICY_000012,USR_0049,DEV_00290,unauthorized_software,Policy_20,2025-12-26T23:27:53.824539,medium,logged
POLICY_000013,USR_0114,DEV_00010,unauthorized_software,Policy_1,2025-12-30T08:27:53.824548,medium,alerted
POLICY_000014,USR_0011,DEV_00004,password_policy,Policy_45,2025-12-28T04:27:53.824557,high,alerted
POLICY_000015,USR_0138,DEV_00174,password_policy,Policy_35,2025-12-28T10:27:53.824566,high,alerted
POLICY_000016,USR_0138,DEV_00089,mfa_disabled,Policy_39,2025-12-28T14:27:53.824576,critical,logged
POLICY_000017,USR_0004,DEV_00120,password_policy,Policy_12,2025-12-27T00:27:53.824589,high,logged
POLICY_000018,USR_0054,DEV_00139,after_hours_access,Policy_35,2026-01-02T15:27:53.824598,high,alerted
POLICY_000019,USR_0128,DEV_00186,privilege_abuse,Policy_31,2025-12-30T13:27:53.824607,medium,logged
POLICY_000020,USR_0036,DEV_00107,password_policy,Policy_18,2025-12-28T18:27:53.824616,critical,blocked
POLICY_000021,USR_0113,DEV_00281,data_exfiltration,Policy_28,2025-12-28T19:27:53.824625,medium,blocked
POLICY_000022,USR_0056,DEV_00094,privilege_abuse,Policy_23,2025-12-31T00:27:53.824634,medium,alerted
POLICY_000023,USR_0140,DEV_00068,privilege_abuse,Policy_14,2026-01-02T04:27:53.824643,high,logged
POLICY_000024,USR_0091,DEV_00041,data_exfiltration,Policy_10,2025-12-30T21:27:53.824653,medium,logged
POLICY_000025,USR_0130,DEV_00016,mfa_disabled,Policy_32,2025-12-27T19:27:53.824662,medium,logged
POLICY_000026,USR_0023,DEV_00132,mfa_disabled,Policy_2,2025-12-29T12:27:53.824670,medium,alerted
POLICY_000027,USR_0146,DEV_00103,privilege_abuse,Policy_21,2025-12-31T21:27:53.824679,critical,alerted
POLICY_000028,USR_0090,DEV_00039,privilege_abuse,Policy_4,2025-12-26T20:27:53.824695,high,blocked
POLICY_000029,USR_0096,DEV_00220,data_exfiltration,Policy_10,2025-12-28T01:27:53.824705,medium,alerted
POLICY_000030,USR_0009,DEV_00028,data_exfiltration,Policy_20,2026-01-01T19:27:53.824715,medium,blocked
POLICY_000031,USR_0129,DEV_00011,data_exfiltration,Policy_27,2025-12-28T05:27:53.824752,high,logged
POLICY_000032,USR_0073,DEV_00090,unauthorized_software,Policy_11,2025-12-27T21:27:53.824761,medium,blocked
POLICY_000033,USR_0103,DEV_00049,data_exfiltration,Policy_47,2025-12-28T19:27:53.824770,high,logged
POLICY_000034,USR_0006,DEV_00058,data_exfiltration,Policy_40,2026-01-02T13:27:53.824779,high,blocked
POLICY_000035,USR_0083,DEV_00160,after_hours_access,Policy_35,2025-12-29T08:27:53.824788,medium,logged
POLICY_000036,USR_0102,DEV_00252,privilege_abuse,Policy_11,2025-12-28T09:27:53.824796,high,alerted
POLICY_000037,USR_0059,DEV_00254,password_policy,Policy_26,2025-12-31T22:27:53.824805,medium,alerted
POLICY_000038,USR_0115,DEV_00122,password_policy,Policy_3,2026-01-01T16:27:53.824814,medium,blocked
POLICY_000039,USR_0136,DEV_00127,after_hours_access,Policy_24,2026-01-01T02:27:53.824823,medium,logged
POLICY_000040,USR_0131,DEV_00216,after_hours_access,Policy_10,2026-01-01T04:27:53.824832,high,alerted
POLICY_000041,USR_0123,DEV_00033,data_exfiltration,Policy_29,2025-12-30T08:27:53.824841,high,logged
POLICY_000042,USR_0097,DEV_00267,data_exfiltration,Policy_34,2025-12-30T08:27:53.824850,high,alerted
POLICY_000043,USR_0008,DEV_00295,unauthorized_software,Policy_6,2025-12-27T16:27:53.824858,medium,blocked
POLICY_000044,USR_0047,DEV_00073,unauthorized_software,Policy_38,2025-12-28T06:27:53.824867,medium,blocked
POLICY_000045,USR_0104,DEV_00100,mfa_disabled,Policy_35,2025-12-29T13:27:53.824875,high,blocked
POLICY_000046,USR_0147,DEV_00104,privilege_abuse,Policy_19,2025-12-30T14:27:53.824885,critical,logged
POLICY_000047,USR_0031,DEV_00084,data_exfiltration,Policy_38,2025-12-31T23:27:53.824897,medium,alerted
POLICY_000048,USR_0077,DEV_00167,password_policy,Policy_12,2025-12-31T16:27:53.824906,medium,alerted
POLICY_000049,USR_0123,DEV_00241,mfa_disabled,Policy_21,2025-12-30T14:27:53.824918,medium,logged
POLICY_000050,USR_0082,DEV_00126,privilege_abuse,Policy_38,2025-12-30T03:27:53.824927,high,blocked
POLICY_000051,USR_0037,DEV_00056,mfa_disabled,Policy_37,2026-01-02T02:27:53.824935,critical,logged
POLICY_000052,USR_0004,DEV_00243,mfa_disabled,Policy_9,2025-12-27T19:27:53.824944,medium,blocked
POLICY_000053,USR_0081,DEV_00195,privilege_abuse,Policy_10,2025-12-31T22:27:53.824988,high,logged
POLICY_000054,USR_0030,DEV_00020,after_hours_access,Policy_13,2025-12-29T18:27:53.824999,critical,alerted
POLICY_000055,USR_0088,DEV_00059,mfa_disabled,Policy_13,2026-01-02T07:27:53.825021,medium,alerted
POLICY_000056,USR_0031,DEV_00056,privilege_abuse,Policy_6,2026-01-01T19:27:53.825032,medium,logged
POLICY_000057,USR_0134,DEV_00273,mfa_disabled,Policy_35,2025-12-31T22:27:53.825042,medium,logged
POLICY_000058,USR_0113,DEV_00167,after_hours_access,Policy_13,2025-12-31T09:27:53.825050,medium,logged
POLICY_000059,USR_0050,DEV_00087,password_policy,Policy_27,2026-01-01T07:27:53.825059,high,logged
POLICY_000060,USR_0101,DEV_00096,unauthorized_software,Policy_21,2025-12-27T02:27:53.825068,critical,logged
POLICY_000061,USR_0028,DEV_00010,mfa_disabled,Policy_30,2026-01-01T22:27:53.825076,high,blocked
POLICY_000062,USR_0020,DEV_00220,unauthorized_software,Policy_30,2025-12-29T21:27:53.825085,critical,alerted
POLICY_000063,USR_0028,DEV_00260,mfa_disabled,Policy_29,2025-12-27T19:27:53.825094,critical,alerted
POLICY_000064,USR_0127,DEV_00109,mfa_disabled,Policy_40,2025-12-30T10:27:53.825103,high,alerted
POLICY_000065,USR_0148,DEV_00287,unauthorized_software,Policy_22,2025-12-31T11:27:53.825112,high,logged
POLICY_000066,USR_0038,DEV_00016,unauthorized_software,Policy_41,2025-12-28T05:27:53.825121,medium,blocked
POLICY_000067,USR_0131,DEV_00014,data_exfiltration,Policy_20,2026-01-02T02:27:53.825133,medium,logged
POLICY_000068,USR_0012,DEV_00289,data_exfiltration,Policy_1,2025-12-31T10:27:53.825145,medium,blocked
POLICY_000069,USR_0148,DEV_00270,password_policy,Policy_1,2026-01-02T14:27:53.825153,medium,blocked
POLICY_000070,USR_0073,DEV_00173,privilege_abuse,Policy_46,2026-01-02T04:27:53.825162,medium,alerted
POLICY_000071,USR_0044,DEV_00176,privilege_abuse,Policy_11,2025-12-31T15:27:53.825176,critical,alerted
POLICY_000072,USR_0095,DEV_00183,data_exfiltration,Policy_43,2026-01-01T00:27:53.825185,critical,alerted
POLICY_000073,USR_0007,DEV_00225,unauthorized_software,Policy_33,2025-12-30T14:27:53.825194,medium,blocked
POLICY_000074,USR_0046,DEV_00051,after_hours_access,Policy_15,2025-12-28T09:27:53.825203,medium,blocked
POLICY_000075,USR_0037,DEV_00014,mfa_disabled,Policy_45,2025-12-30T18:27:53.825211,high,logged
POLICY_000076,USR_0022,DEV_00064,privilege_abuse,Policy_7,2025-12-29T06:27:53.825220,medium,blocked
POLICY_000077,USR_0008,DEV_00157,data_exfiltration,Policy_43,2026-01-02T09:27:53.825231,critical,blocked
POLICY_000078,USR_0098,DEV_00119,data_exfiltration,Policy_36,2025-12-30T09:27:53.825240,medium,logged
POLICY_000079,USR_0023,DEV_00162,password_policy,Policy_20,2025-12-29T13:27:53.825249,high,blocked
POLICY_000080,USR_0143,DEV_00112,after_hours_access,Policy_50,2025-12-28T10:27:53.825258,medium,blocked
POLICY_000081,USR_0060,DEV_00155,unauthorized_software,Policy_29,2025-12-27T00:27:53.825267,critical,alerted
POLICY_000082,USR_0062,DEV_00042,privilege_abuse,Policy_50,2026-01-02T03:27:53.825276,medium,alerted
POLICY_000083,USR_0070,DEV_00239,mfa_disabled,Policy_34,2025-12-27T08:27:53.825285,medium,blocked
POLICY_000084,USR_0020,DEV_00208,unauthorized_software,Policy_29,2026-01-01T02:27:53.825294,medium,logged
POLICY_000085,USR_0024,DEV_00064,unauthorized_software,Policy_38,2025-12-31T08:27:53.825302,medium,blocked
POLICY_000086,USR_0119,DEV_00228,privilege_abuse,Policy_18,2025-12-29T06:27:53.825314,medium,logged
POLICY_000087,USR_0095,DEV_00201,password_policy,Policy_44,2026-01-01T02:27:53.825323,high,blocked
POLICY_000088,USR_0026,DEV_00064,mfa_disabled,Policy_32,2025-12-31T01:27:53.825331,medium,logged
POLICY_000089,USR_0144,DEV_00038,data_exfiltration,Policy_10,2025-12-30T00:27:53.825340,medium,blocked
POLICY_000090,USR_0055,DEV_00018,privilege_abuse,Policy_1,2025-12-27T13:27:53.825349,critical,alerted
POLICY_000091,USR_0080,DEV_00271,mfa_disabled,Policy_14,2025-12-29T07:27:53.825358,medium,blocked
POLICY_000092,USR_0046,DEV_00195,unauthorized_software,Policy_7,2025-12-29T16:27:53.825367,critical,alerted
POLICY_000093,USR_0081,DEV_00104,mfa_disabled,Policy_4,2025-12-31T19:27:53.825376,medium,blocked
POLICY_000094,USR_0064,DEV_00133,unauthorized_software,Policy_23,2025-12-29T11:27:53.825385,medium,alerted
POLICY_000095,USR_0122,DEV_00226,mfa_disabled,Policy_16,2025-12-28T05:27:53.825393,medium,blocked
POLICY_000096,USR_0104,DEV_00073,after_hours_access,Policy_24,2025-12-30T16:27:53.825402,medium,logged
POLICY_000097,USR_0043,DEV_00294,privilege_abuse,Policy_42,2025-12-28T11:27:53.825411,medium,logged
POLICY_000098,USR_0144,DEV_00191,unauthorized_software,Policy_46,2025-12-27T23:27:53.825420,high,logged
POLICY_000099,USR_0137,DEV_00204,password_policy,Policy_49,2025-12-27T06:27:53.825429,medium,alerted
POLICY_000100,USR_0102,DEV_00096,mfa_disabled,Policy_15,2025-12-28T13:27:53.825437,high,alerted
POLICY_000101,USR_0014,DEV_00272,privilege_abuse,Policy_35,2025-12-27T05:27:53.825446,critical,logged
POLICY_000102,USR_0058,DEV_00164,mfa_disabled,Policy_26,2025-12-27T19:27:53.825454,medium,blocked
POLICY_000103,USR_0012,DEV_00045,privilege_abuse,Policy_14,2025-12-28T05:27:53.825463,medium,blocked
POLICY_000104,USR_0076,DEV_00199,data_exfiltration,Policy_12,2025-12-27T18:27:53.825472,critical,blocked
POLICY_000105,USR_0082,DEV_00289,privilege_abuse,Policy_15,2025-12-30T14:27:53.825481,high,logged
POLICY_000106,USR_0062,DEV_00107,data_exfiltration,Policy_46,2026-01-02T07:27:53.825492,medium,logged
POLICY_000107,USR_0099,DEV_00128,privilege_abuse,Policy_31,2025-12-31T04:27:53.825501,medium,alerted
POLICY_000108,USR_0138,DEV_00092,after_hours_access,Policy_13,2025-12-28T10:27:53.825510,high,alerted
POLICY_000109,USR_0075,DEV_00251,mfa_disabled,Policy_4,2025-12-28T19:27:53.825519,critical,logged
POLICY_000110,USR_0075,DEV_00087,mfa_disabled,Policy_37,2025-12-30T06:27:53.825528,medium,blocked
POLICY_000111,USR_0087,DEV_00053,mfa_disabled,Policy_10,2025-12-30T22:27:53.825537,medium,blocked
POLICY_000112,USR_0147,DEV_00143,mfa_disabled,Policy_24,2026-01-01T12:27:53.825590,critical,alerted
POLICY_000113,USR_0023,DEV_00043,unauthorized_software,Policy_2,2025-12-30T16:27:53.825609,medium,logged
POLICY_000114,USR_0012,DEV_00180,password_policy,Policy_50,2025-12-28T12:27:53.825619,high,logged
POLICY_000115,USR_0081,DEV_00076,password_policy,Policy_8,2026-01-01T06:27:53.825629,high,logged
POLICY_000116,USR_0120,DEV_00239,privilege_abuse,Policy_22,2025-12-30T13:27:53.825637,high,blocked
POLICY_000117,USR_0093,DEV_00073,privilege_abuse,Policy_27,2025-12-31T17:27:53.825646,high,logged
POLICY_000118,USR_0012,DEV_00126,unauthorized_software,Policy_48,2026-01-02T12:27:53.825655,high,logged
POLICY_000119,USR_0009,DEV_00155,privilege_abuse,Policy_10,2025-12-31T21:27:53.825666,medium,blocked
POLICY_000120,USR_0116,DEV_00047,data_exfiltration,Policy_29,2026-01-01T05:27:53.825676,medium,logged
POLICY_000121,USR_0043,DEV_00189,privilege_abuse,Policy_47,2025-12-29T15:27:53.825685,medium,logged
POLICY_000122,USR_0136,DEV_00272,mfa_disabled,Policy_47,2025-12-31T01:27:53.825693,high,alerted
POLICY_000123,USR_0051,DEV_00231,privilege_abuse,Policy_41,2025-12-31T10:27:53.825703,high,alerted
POLICY_000124,USR_0096,DEV_00056,password_policy,Policy_29,2025-12-27T18:27:53.825711,medium,blocked
POLICY_000125,USR_0008,DEV_00213,mfa_disabled,Policy_14,2025-12-27T07:27:53.825723,medium,alerted
POLICY_000126,USR_0031,DEV_00179,mfa_disabled,Policy_26,2026-01-01T22:27:53.825732,medium,alerted
POLICY_000127,USR_0056,DEV_00063,privilege_abuse,Policy_50,2025-12-31T04:27:53.825741,medium,blocked
POLICY_000128,USR_0007,DEV_00132,after_hours_access,Policy_25,2026-01-01T02:27:53.825749,medium,alerted
POLICY_000129,USR_0030,DEV_00108,after_hours_access,Policy_48,2026-01-01T06:27:53.825759,critical,logged
POLICY_000130,USR_0011,DEV_00130,password_policy,Policy_1,2025-12-28T22:27:53.825768,medium,alerted
POLICY_000131,USR_0131,DEV_00208,password_policy,Policy_22,2025-12-27T16:27:53.825776,high,logged
POLICY_000132,USR_0118,DEV_00012,data_exfiltration,Policy_28,2025-12-31T15:27:53.825785,medium,logged
POLICY_000133,USR_0136,DEV_00248,password_policy,Policy_1,2025-12-29T18:27:53.825794,medium,logged
POLICY_000134,USR_0104,DEV_00034,password_policy,Policy_20,2025-12-28T16:27:53.825806,high,alerted
POLICY_000135,USR_0142,DEV_00170,mfa_disabled,Policy_17,2026-01-01T09:27:53.825815,medium,logged
POLICY_000136,USR_0040,DEV_00250,data_exfiltration,Policy_4,2025-12-29T22:27:53.825824,critical,blocked
POLICY_000137,USR_0104,DEV_00208,after_hours_access,Policy_10,2025-12-28T20:27:53.825832,medium,blocked
POLICY_000138,USR_0031,DEV_00135,privilege_abuse,Policy_31,2025-12-30T03:27:53.825840,medium,logged
POLICY_000139,USR_0148,DEV_00257,after_hours_access,Policy_6,2025-12-30T17:27:53.825849,high,alerted
POLICY_000140,USR_0106,DEV_00120,after_hours_access,Policy_43,2025-12-31T05:27:53.825858,medium,alerted
POLICY_000141,USR_0054,DEV_00024,privilege_abuse,Policy_23,2025-12-31T08:27:53.825867,medium,blocked
POLICY_000142,USR_0110,DEV_00120,after_hours_access,Policy_12,2026-01-01T11:27:53.825875,critical,alerted
POLICY_000143,USR_0023,DEV_00194,after_hours_access,Policy_18,2025-12-27T06:27:53.825885,medium,blocked
POLICY_000144,USR_0084,DEV_00291,privilege_abuse,Policy_36,2026-01-02T07:27:53.825894,high,blocked
POLICY_000145,USR_0145,DEV_00135,privilege_abuse,Policy_32,2026-01-02T01:27:53.825905,critical,alerted
POLICY_000146,USR_0004,DEV_00152,privilege_abuse,Policy_1,2025-12-26T20:27:53.825914,high,blocked
POLICY_000147,USR_0051,DEV_00035,unauthorized_software,Policy_13,2025-12-31T08:27:53.825923,medium,blocked
POLICY_000148,USR_0117,DEV_00118,data_exfiltration,Policy_26,2025-12-26T21:27:53.825931,high,alerted
POLICY_000149,USR_0138,DEV_00191,unauthorized_software,Policy_47,2026-01-02T07:27:53.825959,medium,logged
POLICY_000150,USR_0103,DEV_00200,privilege_abuse,Policy_39,2025-12-27T03:27:53.825969,high,alerted
POLICY_000151,USR_0016,DEV_00218,mfa_disabled,Policy_38,2026-01-02T14:27:53.825984,medium,blocked
POLICY_000152,USR_0064,DEV_00274,data_exfiltration,Policy_46,2025-12-30T12:27:53.825993,critical,alerted
POLICY_000153,USR_0050,DEV_00217,unauthorized_software,Policy_2,2025-12-31T00:27:53.826014,medium,alerted
POLICY_000154,USR_0131,DEV_00029,data_exfiltration,Policy_20,2025-12-31T02:27:53.826029,high,blocked
POLICY_000155,USR_0011,DEV_00294,password_policy,Policy_16,2025-12-31T20:27:53.826043,medium,blocked
POLICY_000156,USR_0076,DEV_00123,mfa_disabled,Policy_41,2025-12-28T21:27:53.826062,high,logged
POLICY_000157,USR_0084,DEV_00255,mfa_disabled,Policy_12,2025-12-29T07:27:53.826076,high,logged
POLICY_000158,USR_0098,DEV_00159,after_hours_access,Policy_1,2025-12-29T07:27:53.826089,high,logged
POLICY_000159,USR_0078,DEV_00148,unauthorized_software,Policy_9,2026-01-01T21:27:53.826098,medium,alerted
POLICY_000160,USR_0094,DEV_00023,password_policy,Policy_37,2026-01-01T00:27:53.826108,medium,blocked
POLICY_000161,USR_0011,DEV_00024,unauthorized_software,Policy_49,2025-12-31T09:27:53.826117,critical,blocked
POLICY_000162,USR_0122,DEV_00004,after_hours_access,Policy_19,2025-12-26T16:27:53.826126,medium,alerted
POLICY_000163,USR_0064,DEV_00242,after_hours_access,Policy_48,2025-12-29T05:27:53.826135,high,logged
POLICY_000164,USR_0102,DEV_00274,privilege_abuse,Policy_24,2025-12-28T12:27:53.826147,high,logged
POLICY_000165,USR_0082,DEV_00084,privilege_abuse,Policy_43,2025-12-30T03:27:53.826157,medium,alerted
POLICY_000166,USR_0145,DEV_00011,after_hours_access,Policy_14,2026-01-02T03:27:53.826165,high,logged
POLICY_000167,USR_0130,DEV_00137,privilege_abuse,Policy_44,2025-12-30T19:27:53.826175,medium,blocked
POLICY_000168,USR_0038,DEV_00076,unauthorized_software,Policy_8,2025-12-30T10:27:53.826183,high,logged
POLICY_000169,USR_0084,DEV_00134,after_hours_access,Policy_3,2025-12-30T02:27:53.826192,medium,logged
POLICY_000170,USR_0124,DEV_00260,privilege_abuse,Policy_20,2025-12-29T20:27:53.826201,high,logged
POLICY_000171,USR_0034,DEV_00106,after_hours_access,Policy_16,2025-12-27T14:27:53.826214,medium,blocked
POLICY_000172,USR_0132,DEV_00157,data_exfiltration,Policy_18,2025-12-31T06:27:53.826223,high,logged
POLICY_000173,USR_0019,DEV_00016,password_policy,Policy_49,2025-12-27T15:27:53.826233,critical,blocked
POLICY_000174,USR_0132,DEV_00123,privilege_abuse,Policy_2,2025-12-26T21:27:53.826242,high,logged
POLICY_000175,USR_0077,DEV_00078,mfa_disabled,Policy_31,2025-12-30T21:27:53.826251,medium,logged
POLICY_000176,USR_0049,DEV_00125,password_policy,Policy_36,2025-12-26T18:27:53.826259,medium,logged
POLICY_000177,USR_0071,DEV_00232,mfa_disabled,Policy_8,2025-12-30T18:27:53.826272,critical,logged
POLICY_000178,USR_0106,DEV_00051,data_exfiltration,Policy_44,2025-12-30T21:27:53.826281,medium,alerted
POLICY_000179,USR_0084,DEV_00105,mfa_disabled,Policy_36,2025-12-27T17:27:53.826289,medium,blocked
POLICY_000180,USR_0045,DEV_00262,mfa_disabled,Policy_5,2026-01-02T14:27:53.826298,medium,alerted
POLICY_000181,USR_0028,DEV_00125,after_hours_access,Policy_26,2025-12-27T11:27:53.826307,high,blocked
POLICY_000182,USR_0144,DEV_00094,privilege_abuse,Policy_31,2025-12-28T05:27:53.826316,medium,blocked
POLICY_000183,USR_0150,DEV_00189,privilege_abuse,Policy_42,2025-12-31T14:27:53.826324,high,blocked
POLICY_000184,USR_0015,DEV_00115,password_policy,Policy_39,2025-12-31T12:27:53.826337,medium,logged
POLICY_000185,USR_0015,DEV_00188,password_policy,Policy_38,2025-12-30T17:27:53.826346,high,alerted
POLICY_000186,USR_0015,DEV_00038,after_hours_access,Policy_30,2025-12-29T08:27:53.826355,medium,alerted
POLICY_000187,USR_0098,DEV_00192,after_hours_access,Policy_29,2026-01-02T11:27:53.826363,high,alerted
POLICY_000188,USR_0059,DEV_00008,password_policy,Policy_10,2025-12-27T01:27:53.826372,critical,logged
POLICY_000189,USR_0040,DEV_00056,unauthorized_software,Policy_21,2025-12-31T15:27:53.826381,medium,blocked
POLICY_000190,USR_0093,DEV_00183,password_policy,Policy_40,2025-12-30T10:27:53.826389,high,logged
POLICY_000191,USR_0084,DEV_00225,mfa_disabled,Policy_43,2025-12-28T14:27:53.826397,medium,logged
POLICY_000192,USR_0065,DEV_00245,password_policy,Policy_49,2025-12-29T10:27:53.826406,critical,alerted
POLICY_000193,USR_0010,DEV_00111,password_policy,Policy_20,2025-12-31T20:27:53.826414,medium,logged
POLICY_000194,USR_0122,DEV_00100,unauthorized_software,Policy_40,2025-12-31T01:27:53.826423,high,alerted
POLICY_000195,USR_0031,DEV_00223,mfa_disabled,Policy_38,2025-12-26T23:27:53.826432,high,blocked
POLICY_000196,USR_0088,DEV_00139,mfa_disabled,Policy_23,2026-01-02T07:27:53.826441,critical,logged
POLICY_000197,USR_0121,DEV_00133,after_hours_access,Policy_16,2026-01-01T11:27:53.826449,high,logged
POLICY_000198,USR_0101,DEV_00120,privilege_abuse,Policy_31,2026-01-02T06:27:53.826460,high,blocked
POLICY_000199,USR_0082,DEV_00008,data_exfiltration,Policy_43,2025-12-28T01:27:53.826469,medium,logged
POLICY_000200,USR_0134,DEV_00050,unauthorized_software,Policy_47,2026-01-01T13:27:53.826477,medium,logged
POLICY_000201,USR_0034,DEV_00176,unauthorized_software,Policy_17,2025-12-28T02:27:53.826486,critical,logged
POLICY_000202,USR_0137,DEV_00008,privilege_abuse,Policy_14,2025-12-28T17:27:53.826495,critical,alerted
POLICY_000203,USR_0121,DEV_00206,data_exfiltration,Policy_33,2025-12-29T16:27:53.826507,medium,blocked
POLICY_000204,USR_0090,DEV_00043,after_hours_access,Policy_50,2025-12-27T04:27:53.826515,medium,alerted
POLICY_000205,USR_0028,DEV_00211,mfa_disabled,Policy_48,2025-12-27T07:27:53.826525,medium,alerted
POLICY_000206,USR_0052,DEV_00098,after_hours_access,Policy_38,2025-12-28T02:27:53.826533,medium,alerted
POLICY_000207,USR_0114,DEV_00156,privilege_abuse,Policy_36,2025-12-28T23:27:53.826542,medium,alerted
POLICY_000208,USR_0001,DEV_00058,mfa_disabled,Policy_28,2025-12-30T10:27:53.826551,critical,logged
POLICY_000209,USR_0028,DEV_00193,password_policy,Policy_27,2026-01-01T06:27:53.826559,medium,logged
POLICY_000210,USR_0044,DEV_00054,data_exfiltration,Policy_20,2025-12-27T19:27:53.826568,critical,alerted
POLICY_000211,USR_0018,DEV_00021,privilege_abuse,Policy_14,2026-01-02T04:27:53.826577,medium,alerted
POLICY_000212,USR_0119,DEV_00055,data_exfiltration,Policy_22,2025-12-30T02:27:53.826585,high,alerted
POLICY_000213,USR_0017,DEV_00061,unauthorized_software,Policy_1,2025-12-31T04:27:53.826594,high,alerted
POLICY_000214,USR_0131,DEV_00157,data_exfiltration,Policy_34,2025-12-30T21:27:53.826602,high,blocked
POLICY_000215,USR_0029,DEV_00035,password_policy,Policy_1,2025-12-29T18:27:53.826611,medium,alerted
POLICY_000216,USR_0028,DEV_00056,password_policy,Policy_25,2025-12-29T23:27:53.826619,critical,blocked
POLICY_000217,USR_0110,DEV_00227,unauthorized_software,Policy_50,2025-12-27T04:27:53.826628,high,alerted
POLICY_000218,USR_0150,DEV_00181,privilege_abuse,Policy_34,2025-12-29T22:27:53.826636,critical,logged
POLICY_000219,USR_0004,DEV_00292,data_exfiltration,Policy_10,2026-01-02T04:27:53.826651,high,alerted
POLICY_000220,USR_0040,DEV_00087,data_exfiltration,Policy_4,2025-12-28T06:27:53.826659,medium,logged
POLICY_000221,USR_0082,DEV_00081,data_exfiltration,Policy_1,2025-12-30T18:27:53.826671,high,logged
POLICY_000222,USR_0134,DEV_00003,data_exfiltration,Policy_44,2026-01-01T15:27:53.826680,high,alerted
POLICY_000223,USR_0055,DEV_00224,mfa_disabled,Policy_5,2026-01-01T04:27:53.826692,medium,blocked
POLICY_000224,USR_0140,DEV_00203,privilege_abuse,Policy_15,2025-12-31T07:27:53.826701,medium,alerted
POLICY_000225,USR_0112,DEV_00122,unauthorized_software,Policy_46,2025-12-27T01:27:53.826710,medium,blocked
POLICY_000226,USR_0121,DEV_00085,after_hours_access,Policy_24,2025-12-27T15:27:53.826719,medium,blocked
POLICY_000227,USR_0074,DEV_00135,mfa_disabled,Policy_32,2026-01-02T15:27:53.826727,high,blocked
POLICY_000228,USR_0131,DEV_00212,after_hours_access,Policy_44,2025-12-28T06:27:53.826736,high,logged
POLICY_000229,USR_0041,DEV_00095,data_exfiltration,Policy_14,2026-01-01T18:27:53.826745,medium,blocked
POLICY_000230,USR_0145,DEV_00049,unauthorized_software,Policy_25,2025-12-29T06:27:53.826753,medium,blocked
POLICY_000231,USR_0052,DEV_00140,privilege_abuse,Policy_16,2026-01-01T20:27:53.826762,high,logged
POLICY_000232,USR_0106,DEV_00047,mfa_disabled,Policy_47,2025-12-28T03:27:53.826770,medium,logged
POLICY_000233,USR_0110,DEV_00183,password_policy,Policy_20,2025-12-30T05:27:53.826779,medium,logged
POLICY_000234,USR_0134,DEV_00085,mfa_disabled,Policy_35,2025-12-29T04:27:53.826787,medium,alerted
POLICY_000235,USR_0132,DEV_00146,mfa_disabled,Policy_21,2025-12-30T12:27:53.826796,critical,alerted
POLICY_000236,USR_0101,DEV_00074,data_exfiltration,Policy_13,2025-12-27T04:27:53.826805,medium,blocked
POLICY_000237,USR_0024,DEV_00256,privilege_abuse,Policy_4,2025-12-27T02:27:53.826814,high,logged
POLICY_000238,USR_0077,DEV_00249,mfa_disabled,Policy_32,2026-01-02T09:27:53.826823,medium,logged
POLICY_000239,USR_0018,DEV_00209,mfa_disabled,Policy_11,2025-12-27T17:27:53.826831,medium,blocked
POLICY_000240,USR_0056,DEV_00120,after_hours_access,Policy_16,2025-12-28T19:27:53.826840,medium,blocked
POLICY_000241,USR_0014,DEV_00059,privilege_abuse,Policy_16,2025-12-29T00:27:53.826851,high,alerted
POLICY_000242,USR_0015,DEV_00120,mfa_disabled,Policy_44,2025-12-31T20:27:53.826862,medium,alerted
POLICY_000243,USR_0111,DEV_00041,password_policy,Policy_11,2025-12-29T00:27:53.826871,medium,alerted
POLICY_000244,USR_0019,DEV_00162,privilege_abuse,Policy_17,2025-12-28T22:27:53.826880,high,blocked
POLICY_000245,USR_0091,DEV_00274,after_hours_access,Policy_30,2025-12-28T16:27:53.826888,medium,alerted
POLICY_000246,USR_0099,DEV_00238,data_exfiltration,Policy_45,2025-12-30T16:27:53.826897,medium,alerted
POLICY_000247,USR_0051,DEV_00231,unauthorized_software,Policy_35,2026-01-01T20:27:53.826906,medium,logged
POLICY_000248,USR_0059,DEV_00252,unauthorized_software,Policy_24,2026-01-02T02:27:53.826914,medium,logged
POLICY_000249,USR_0063,DEV_00235,privilege_abuse,Policy_27,2025-12-27T01:27:53.826923,high,alerted
POLICY_000250,USR_0149,DEV_00260,privilege_abuse,Policy_19,2025-12-27T06:27:53.826932,medium,logged
POLICY_000251,USR_0061,DEV_00001,password_policy,Policy_9,2026-01-01T16:27:53.826940,critical,alerted
POLICY_000252,USR_0004,DEV_00070,unauthorized_software,Policy_11,2026-01-01T11:27:53.826949,medium,logged
POLICY_000253,USR_0035,DEV_00144,after_hours_access,Policy_9,2026-01-02T01:27:53.826958,medium,blocked
POLICY_000254,USR_0116,DEV_00163,unauthorized_software,Policy_30,2025-12-31T07:27:53.826967,medium,logged
POLICY_000255,USR_0064,DEV_00283,privilege_abuse,Policy_48,2025-12-27T14:27:53.826981,high,blocked
POLICY_000256,USR_0077,DEV_00265,mfa_disabled,Policy_50,2025-12-28T07:27:53.826991,critical,alerted
POLICY_000257,USR_0015,DEV_00097,privilege_abuse,Policy_20,2025-12-28T22:27:53.827001,medium,logged
POLICY_000258,USR_0070,DEV_00237,mfa_disabled,Policy_45,2025-12-30T06:27:53.827021,medium,blocked
POLICY_000259,USR_0133,DEV_00218,password_policy,Policy_15,2026-01-02T03:27:53.827029,high,alerted
POLICY_000260,USR_0080,DEV_00239,after_hours_access,Policy_13,2025-12-28T21:27:53.827038,medium,logged
POLICY_000261,USR_0074,DEV_00003,unauthorized_software,Policy_16,2025-12-31T05:27:53.827046,medium,alerted
POLICY_000262,USR_0102,DEV_00176,after_hours_access,Policy_15,2025-12-29T07:27:53.827061,medium,logged
POLICY_000263,USR_0048,DEV_00098,data_exfiltration,Policy_28,2025-12-31T13:27:53.827070,critical,blocked
POLICY_000264,USR_0033,DEV_00294,after_hours_access,Policy_15,2025-12-29T15:27:53.827078,medium,alerted
POLICY_000265,USR_0089,DEV_00271,privilege_abuse,Policy_18,2025-12-31T17:27:53.827087,critical,alerted
POLICY_000266,USR_0109,DEV_00076,password_policy,Policy_40,2025-12-28T09:27:53.827095,medium,blocked
POLICY_000267,USR_0126,DEV_00171,privilege_abuse,Policy_10,2025-12-30T03:27:53.827105,medium,blocked
POLICY_000268,USR_0061,DEV_00130,after_hours_access,Policy_7,2025-12-29T15:27:53.827113,medium,alerted
POLICY_000269,USR_0006,DEV_00042,privilege_abuse,Policy_34,2025-12-31T15:27:53.827123,critical,alerted
POLICY_000270,USR_0004,DEV_00192,after_hours_access,Policy_4,2025-12-29T17:27:53.827132,high,logged
POLICY_000271,USR_0086,DEV_00235,mfa_disabled,Policy_45,2025-12-29T03:27:53.827140,high,blocked
POLICY_000272,USR_0106,DEV_00258,data_exfiltration,Policy_46,2025-12-31T21:27:53.827152,medium,alerted
POLICY_000273,USR_0091,DEV_00282,unauthorized_software,Policy_33,2025-12-28T09:27:53.827161,critical,alerted
POLICY_000274,USR_0023,DEV_00038,mfa_disabled,Policy_41,2025-12-27T13:27:53.827170,medium,alerted
POLICY_000275,USR_0054,DEV_00088,unauthorized_software,Policy_21,2025-12-27T22:27:53.827179,high,alerted
POLICY_000276,USR_0003,DEV_00160,privilege_abuse,Policy_11,2025-12-29T11:27:53.827188,medium,blocked
POLICY_000277,USR_0055,DEV_00150,unauthorized_software,Policy_34,2025-12-31T12:27:53.827197,high,logged
POLICY_000278,USR_0124,DEV_00218,password_policy,Policy_10,2025-12-28T12:27:53.827206,high,blocked
POLICY_000279,USR_0049,DEV_00185,password_policy,Policy_28,2025-12-30T19:27:53.827215,medium,logged
POLICY_000280,USR_0024,DEV_00238,after_hours_access,Policy_5,2026-01-01T22:27:53.827223,medium,alerted
POLICY_000281,USR_0082,DEV_00057,unauthorized_software,Policy_43,2025-12-29T11:27:53.827235,medium,blocked
POLICY_000282,USR_0026,DEV_00143,data_exfiltration,Policy_14,2025-12-26T19:27:53.827244,medium,logged
POLICY_000283,USR_0062,DEV_00006,unauthorized_software,Policy_24,2025-12-26T16:27:53.827255,medium,logged
POLICY_000284,USR_0104,DEV_00095,privilege_abuse,Policy_32,2025-12-30T07:27:53.827264,high,alerted
POLICY_000285,USR_0146,DEV_00216,password_policy,Policy_40,2025-12-31T06:27:53.827273,medium,alerted
POLICY_000286,USR_0105,DEV_00094,password_policy,Policy_17,2025-12-27T10:27:53.827281,medium,alerted
POLICY_000287,USR_0076,DEV_00298,privilege_abuse,Policy_9,2025-12-29T22:27:53.827290,critical,alerted
POLICY_000288,USR_0010,DEV_00128,data_exfiltration,Policy_21,2026-01-01T10:27:53.827298,medium,logged
POLICY_000289,USR_0015,DEV_00273,after_hours_access,Policy_24,2025-12-26T23:27:53.827307,high,alerted
POLICY_000290,USR_0056,DEV_00286,unauthorized_software,Policy_12,2025-12-29T13:27:53.827316,medium,alerted
POLICY_000291,USR_0053,DEV_00046,after_hours_access,Policy_17,2025-12-29T01:27:53.827325,high,logged
POLICY_000292,USR_0060,DEV_00218,unauthorized_software,Policy_36,2025-12-30T23:27:53.827333,medium,alerted
POLICY_000293,USR_0063,DEV_00181,privilege_abuse,Policy_35,2025-12-30T02:27:53.827342,high,logged
POLICY_000294,USR_0121,DEV_00062,mfa_disabled,Policy_14,2025-12-29T06:27:53.827350,medium,blocked
POLICY_000295,USR_0135,DEV_00187,privilege_abuse,Policy_6,2025-12-31T02:27:53.827360,high,logged
POLICY_000296,USR_0062,DEV_00136,privilege_abuse,Policy_45,2025-12-31T16:27:53.827369,medium,blocked
POLICY_000297,USR_0011,DEV_00220,password_policy,Policy_34,2026-01-02T15:27:53.827377,high,blocked
POLICY_000298,USR_0105,DEV_00159,privilege_abuse,Policy_24,2025-12-30T19:27:53.827386,medium,blocked
POLICY_000299,USR_0064,DEV_00261,mfa_disabled,Policy_11,2026-01-01T13:27:53.827394,high,blocked
POLICY_000300,USR_0058,DEV_00212,password_policy,Policy_5,2025-12-27T15:27:53.827403,high,blocked
POLICY_000301,USR_0009,DEV_00028,after_hours_access,Policy_19,2026-01-01T09:27:53.827415,high,blocked
POLICY_000302,USR_0147,DEV_00032,data_exfiltration,Policy_49,2025-12-28T15:27:53.827425,high,alerted
POLICY_000303,USR_0011,DEV_00098,privilege_abuse,Policy_40,2025-12-27T17:27:53.827433,medium,alerted
POLICY_000304,USR_0110,DEV_00037,mfa_disabled,Policy_27,2025-12-28T16:27:53.827444,high,alerted
POLICY_000305,USR_0006,DEV_00266,mfa_disabled,Policy_49,2025-12-31T19:27:53.827454,high,logged
POLICY_000306,USR_0073,DEV_00106,after_hours_access,Policy_6,2026-01-02T16:27:53.827462,medium,logged
POLICY_000307,USR_0145,DEV_00171,data_exfiltration,Policy_48,2025-12-26T23:27:53.827471,medium,blocked
POLICY_000308,USR_0114,DEV_00190,unauthorized_software,Policy_43,2025-12-28T03:27:53.827480,medium,logged
POLICY_000309,USR_0091,DEV_00264,after_hours_access,Policy_12,2025-12-31T10:27:53.827489,high,alerted
POLICY_000310,USR_0033,DEV_00053,unauthorized_software,Policy_37,2026-01-02T11:27:53.827498,medium,logged
POLICY_000311,USR_0141,DEV_00075,privilege_abuse,Policy_34,2025-12-27T07:27:53.827507,medium,logged
POLICY_000312,USR_0042,DEV_00158,mfa_disabled,Policy_7,2025-12-29T06:27:53.827516,high,alerted
POLICY_000313,USR_0093,DEV_00035,password_policy,Policy_27,2025-12-31T21:27:53.827524,high,logged
POLICY_000314,USR_0012,DEV_00295,after_hours_access,Policy_21,2025-12-29T13:27:53.827533,medium,logged
POLICY_000315,USR_0079,DEV_00077,unauthorized_software,Policy_19,2025-12-26T17:27:53.827542,medium,logged
POLICY_000316,USR_0073,DEV_00233,privilege_abuse,Policy_24,2025-12-26T20:27:53.827551,medium,logged
POLICY_000317,USR_0024,DEV_00088,password_policy,Policy_2,2026-01-02T01:27:53.827559,medium,blocked
POLICY_000318,USR_0042,DEV_00006,data_exfiltration,Policy_18,2025-12-26T22:27:53.827567,high,blocked
POLICY_000319,USR_0077,DEV_00018,data_exfiltration,Policy_31,2025-12-29T12:27:53.827576,critical,logged
POLICY_000320,USR_0114,DEV_00208,unauthorized_software,Policy_8,2025-12-28T11:27:53.827587,medium,blocked
POLICY_000321,USR_0074,DEV_00242,unauthorized_software,Policy_6,2025-12-27T12:27:53.827596,medium,alerted
POLICY_000322,USR_0062,DEV_00178,mfa_disabled,Policy_42,2026-01-01T01:27:53.827605,medium,blocked
POLICY_000323,USR_0138,DEV_00059,mfa_disabled,Policy_22,2026-01-01T22:27:53.827616,critical,logged
POLICY_000324,USR_0055,DEV_00032,password_policy,Policy_23,2025-12-30T04:27:53.827625,high,blocked
POLICY_000325,USR_0101,DEV_00137,password_policy,Policy_9,2025-12-28T23:27:53.827633,medium,logged
POLICY_000326,USR_0072,DEV_00195,privilege_abuse,Policy_35,2026-01-02T12:27:53.827645,critical,logged
POLICY_000327,USR_0099,DEV_00084,privilege_abuse,Policy_11,2025-12-27T11:27:53.827654,medium,alerted
POLICY_000328,USR_0081,DEV_00232,after_hours_access,Policy_41,2025-12-26T22:27:53.827662,medium,alerted
POLICY_000329,USR_0111,DEV_00039,unauthorized_software,Policy_19,2025-12-27T15:27:53.827671,medium,logged
POLICY_000330,USR_0124,DEV_00145,after_hours_access,Policy_36,2025-12-27T04:27:53.827679,medium,blocked
POLICY_000331,USR_0074,DEV_00031,after_hours_access,Policy_21,2025-12-31T23:27:53.827688,critical,alerted
POLICY_000332,USR_0015,DEV_00018,unauthorized_software,Policy_48,2025-12-29T22:27:53.827696,critical,blocked
POLICY_000333,USR_0089,DEV_00032,after_hours_access,Policy_14,2026-01-01T23:27:53.827705,medium,alerted
POLICY_000334,USR_0081,DEV_00038,after_hours_access,Policy_31,2026-01-01T07:27:53.827713,medium,alerted
POLICY_000335,USR_0037,DEV_00285,mfa_disabled,Policy_46,2025-12-29T04:27:53.827722,high,alerted
POLICY_000336,USR_0126,DEV_00209,unauthorized_software,Policy_12,2025-12-30T12:27:53.827731,high,blocked
POLICY_000337,USR_0003,DEV_00119,unauthorized_software,Policy_44,2025-12-28T12:27:53.827740,medium,alerted
POLICY_000338,USR_0138,DEV_00119,data_exfiltration,Policy_33,2025-12-31T04:27:53.827748,high,logged
POLICY_000339,USR_0001,DEV_00185,mfa_disabled,Policy_24,2026-01-01T10:27:53.827757,medium,logged
POLICY_000340,USR_0136,DEV_00019,after_hours_access,Policy_37,2026-01-01T19:27:53.827770,medium,alerted
POLICY_000341,USR_0040,DEV_00153,password_policy,Policy_35,2025-12-28T23:27:53.827780,medium,blocked
POLICY_000342,USR_0079,DEV_00214,unauthorized_software,Policy_50,2026-01-01T13:27:53.827789,medium,alerted
POLICY_000343,USR_0128,DEV_00046,mfa_disabled,Policy_20,2025-12-30T12:27:53.827797,high,blocked
POLICY_000344,USR_0055,DEV_00183,password_policy,Policy_47,2025-12-27T21:27:53.827805,high,alerted
POLICY_000345,USR_0124,DEV_00065,password_policy,Policy_40,2026-01-02T16:27:53.827815,medium,logged
POLICY_000346,USR_0142,DEV_00095,mfa_disabled,Policy_19,2026-01-02T11:27:53.827823,medium,alerted
POLICY_000347,USR_0069,DEV_00234,after_hours_access,Policy_49,2025-12-29T16:27:53.827836,critical,logged
POLICY_000348,USR_0014,DEV_00126,data_exfiltration,Policy_11,2025-12-31T21:27:53.827845,medium,logged
POLICY_000349,USR_0127,DEV_00291,unauthorized_software,Policy_21,2025-12-26T22:27:53.827853,medium,logged
POLICY_000350,USR_0114,DEV_00184,data_exfiltration,Policy_35,2025-12-28T22:27:53.827862,high,alerted
POLICY_000351,USR_0126,DEV_00294,privilege_abuse,Policy_5,2025-12-31T07:27:53.827870,high,logged
POLICY_000352,USR_0031,DEV_00167,privilege_abuse,Policy_42,2026-01-01T05:27:53.827879,medium,blocked
POLICY_000353,USR_0027,DEV_00081,mfa_disabled,Policy_40,2025-12-28T15:27:53.827888,medium,alerted
POLICY_000354,USR_0032,DEV_00108,password_policy,Policy_24,2025-12-31T07:27:53.827897,high,blocked
POLICY_000355,USR_0044,DEV_00160,unauthorized_software,Policy_34,2025-12-31T14:27:53.827905,medium,logged
POLICY_000356,USR_0114,DEV_00240,unauthorized_software,Policy_32,2026-01-01T02:27:53.827914,high,alerted
POLICY_000357,USR_0031,DEV_00134,privilege_abuse,Policy_5,2025-12-29T14:27:53.827923,critical,alerted
POLICY_000358,USR_0029,DEV_00056,mfa_disabled,Policy_18,2025-12-29T23:27:53.827931,high,alerted
POLICY_000359,USR_0070,DEV_00271,password_policy,Policy_32,2025-12-31T15:27:53.827942,medium,logged
POLICY_000360,USR_0074,DEV_00270,data_exfiltration,Policy_26,2025-12-29T22:27:53.827951,critical,alerted
POLICY_000361,USR_0011,DEV_00166,mfa_disabled,Policy_23,2025-12-29T11:27:53.827960,medium,logged
POLICY_000362,USR_0083,DEV_00070,unauthorized_software,Policy_7,2026-01-01T21:27:53.827968,high,logged
POLICY_000363,USR_0102,DEV_00191,password_policy,Policy_8,2025-12-27T18:27:53.827982,high,blocked
POLICY_000364,USR_0114,DEV_00166,unauthorized_software,Policy_3,2026-01-02T15:27:53.827991,medium,logged
POLICY_000365,USR_0057,DEV_00059,mfa_disabled,Policy_3,2025-12-31T14:27:53.827999,critical,blocked
POLICY_000366,USR_0029,DEV_00259,privilege_abuse,Policy_8,2025-12-29T23:27:53.828016,critical,alerted
POLICY_000367,USR_0137,DEV_00049,mfa_disabled,Policy_37,2025-12-28T11:27:53.828025,high,alerted
POLICY_000368,USR_0134,DEV_00229,privilege_abuse,Policy_49,2025-12-30T00:27:53.828037,high,alerted
POLICY_000369,USR_0005,DEV_00155,unauthorized_software,Policy_11,2025-12-29T13:27:53.828045,medium,alerted
POLICY_000370,USR_0086,DEV_00014,after_hours_access,Policy_21,2025-12-27T20:27:53.828054,medium,blocked
POLICY_000371,USR_0094,DEV_00069,privilege_abuse,Policy_13,2025-12-31T02:27:53.828062,medium,blocked
POLICY_000372,USR_0110,DEV_00003,privilege_abuse,Policy_4,2025-12-27T12:27:53.828071,medium,logged
POLICY_000373,USR_0136,DEV_00162,after_hours_access,Policy_4,2025-12-26T20:27:53.828080,medium,logged
POLICY_000374,USR_0004,DEV_00232,unauthorized_software,Policy_43,2025-12-29T03:27:53.828088,medium,alerted
POLICY_000375,USR_0131,DEV_00113,mfa_disabled,Policy_32,2025-12-30T01:27:53.828100,critical,logged
POLICY_000376,USR_0002,DEV_00223,unauthorized_software,Policy_31,2025-12-29T21:27:53.828110,medium,alerted
POLICY_000377,USR_0021,DEV_00209,privilege_abuse,Policy_23,2025-12-29T13:27:53.828118,medium,alerted
POLICY_000378,USR_0055,DEV_00202,data_exfiltration,Policy_48,2025-12-30T02:27:53.828127,high,blocked
POLICY_000379,USR_0085,DEV_00025,privilege_abuse,Policy_26,2026-01-02T15:27:53.828149,medium,logged
POLICY_000380,USR_0020,DEV_00235,mfa_disabled,Policy_27,2025-12-31T17:27:53.828157,high,alerted
POLICY_000381,USR_0054,DEV_00186,privilege_abuse,Policy_5,2025-12-27T16:27:53.828166,medium,logged
POLICY_000382,USR_0098,DEV_00219,password_policy,Policy_35,2025-12-31T15:27:53.828175,high,blocked
POLICY_000383,USR_0104,DEV_00209,mfa_disabled,Policy_33,2025-12-30T17:27:53.828184,high,alerted
POLICY_000384,USR_0113,DEV_00020,after_hours_access,Policy_33,2025-12-26T19:27:53.828193,medium,logged
POLICY_000385,USR_0148,DEV_00295,after_hours_access,Policy_38,2025-12-29T01:27:53.828201,medium,alerted
POLICY_000386,USR_0039,DEV_00070,after_hours_access,Policy_42,2025-12-29T15:27:53.828209,medium,alerted
POLICY_000387,USR_0116,DEV_00084,data_exfiltration,Policy_24,2025-12-26T19:27:53.828218,medium,blocked
POLICY_000388,USR_0107,DEV_00181,after_hours_access,Policy_40,2025-12-28T19:27:53.828226,medium,logged
POLICY_000389,USR_0057,DEV_00155,unauthorized_software,Policy_23,2025-12-27T20:27:53.828237,critical,logged
POLICY_000390,USR_0024,DEV_00180,mfa_disabled,Policy_6,2025-12-27T23:27:53.828246,medium,blocked
POLICY_000391,USR_0099,DEV_00011,mfa_disabled,Policy_38,2025-12-29T21:27:53.828254,critical,blocked
POLICY_000392,USR_0078,DEV_00221,unauthorized_software,Policy_26,2025-12-29T14:27:53.828263,medium,logged
POLICY_000393,USR_0059,DEV_00172,password_policy,Policy_32,2025-12-30T05:27:53.828273,medium,blocked
POLICY_000394,USR_0119,DEV_00209,password_policy,Policy_24,2026-01-02T14:27:53.828281,critical,logged
POLICY_000395,USR_0093,DEV_00168,data_exfiltration,Policy_22,2025-12-28T01:27:53.828290,high,blocked
POLICY_000396,USR_0008,DEV_00008,unauthorized_software,Policy_21,2025-12-28T07:27:53.828298,high,blocked
POLICY_000397,USR_0045,DEV_00039,data_exfiltration,Policy_26,2026-01-01T04:27:53.828307,medium,alerted
POLICY_000398,USR_0003,DEV_00035,privilege_abuse,Policy_42,2025-12-29T19:27:53.828318,medium,logged
POLICY_000399,USR_0041,DEV_00138,unauthorized_software,Policy_1,2025-12-30T18:27:53.828327,medium,logged
POLICY_000400,USR_0149,DEV_00216,data_exfiltration,Policy_9,2025-12-31T01:27:53.828335,medium,blocked
POLICY_000401,USR_0066,DEV_00052,password_policy,Policy_25,2025-12-31T20:27:53.828344,medium,blocked
POLICY_000402,USR_0003,DEV_00140,data_exfiltration,Policy_1,2026-01-02T04:27:53.828353,critical,logged
POLICY_000403,USR_0088,DEV_00130,data_exfiltration,Policy_45,2025-12-28T18:27:53.828361,medium,logged
POLICY_000404,USR_0053,DEV_00298,privilege_abuse,Policy_8,2026-01-02T01:27:53.828370,medium,logged
POLICY_000405,USR_0062,DEV_00025,privilege_abuse,Policy_21,2026-01-02T06:27:53.828378,critical,blocked
POLICY_000406,USR_0104,DEV_00057,data_exfiltration,Policy_36,2026-01-02T08:27:53.828386,medium,blocked
POLICY_000407,USR_0032,DEV_00246,privilege_abuse,Policy_35,2025-12-30T13:27:53.828395,medium,logged
POLICY_000408,USR_0127,DEV_00120,mfa_disabled,Policy_42,2026-01-01T11:27:53.828403,medium,alerted
POLICY_000409,USR_0106,DEV_00133,password_policy,Policy_23,2025-12-28T17:27:53.828411,medium,blocked
POLICY_000410,USR_0056,DEV_00015,data_exfiltration,Policy_27,2025-12-29T02:27:53.828420,high,alerted
POLICY_000411,USR_0125,DEV_00254,password_policy,Policy_37,2025-12-31T23:27:53.828432,high,alerted
POLICY_000412,USR_0046,DEV_00164,after_hours_access,Policy_26,2025-12-26T16:27:53.828441,high,blocked
POLICY_000413,USR_0148,DEV_00093,after_hours_access,Policy_30,2025-12-31T01:27:53.828450,medium,alerted
POLICY_000414,USR_0117,DEV_00086,after_hours_access,Policy_37,2025-12-31T13:27:53.828458,medium,alerted
POLICY_000415,USR_0010,DEV_00269,unauthorized_software,Policy_24,2025-12-30T06:27:53.828467,medium,blocked
POLICY_000416,USR_0070,DEV_00098,after_hours_access,Policy_10,2026-01-02T10:27:53.828476,high,alerted
POLICY_000417,USR_0076,DEV_00197,data_exfiltration,Policy_3,2025-12-31T11:27:53.828485,critical,alerted
POLICY_000418,USR_0001,DEV_00224,privilege_abuse,Policy_33,2026-01-01T00:27:53.828496,high,blocked
POLICY_000419,USR_0091,DEV_00247,data_exfiltration,Policy_18,2025-12-30T13:27:53.828506,medium,logged
POLICY_000420,USR_0083,DEV_00213,mfa_disabled,Policy_43,2025-12-27T12:27:53.828514,medium,alerted
POLICY_000421,USR_0015,DEV_00105,after_hours_access,Policy_28,2025-12-31T12:27:53.828523,medium,alerted
POLICY_000422,USR_0080,DEV_00085,unauthorized_software,Policy_3,2025-12-28T21:27:53.828531,high,logged
POLICY_000423,USR_0034,DEV_00106,after_hours_access,Policy_25,2025-12-26T16:27:53.828540,high,blocked
POLICY_000424,USR_0124,DEV_00097,mfa_disabled,Policy_32,2026-01-01T18:27:53.828548,critical,alerted
POLICY_000425,USR_0148,DEV_00017,password_policy,Policy_6,2025-12-30T19:27:53.828560,high,logged
POLICY_000426,USR_0069,DEV_00251,data_exfiltration,Policy_37,2025-12-31T06:27:53.828569,critical,logged
POLICY_000427,USR_0119,DEV_00015,password_policy,Policy_31,2025-12-31T07:27:53.828577,high,blocked
POLICY_000428,USR_0046,DEV_00267,privilege_abuse,Policy_31,2025-12-27T07:27:53.828586,high,logged
POLICY_000429,USR_0114,DEV_00007,password_policy,Policy_36,2025-12-28T16:27:53.828595,medium,alerted
POLICY_000430,USR_0043,DEV_00204,password_policy,Policy_40,2025-12-30T19:27:53.828603,medium,blocked
POLICY_000431,USR_0150,DEV_00021,after_hours_access,Policy_46,2025-12-29T22:27:53.828611,high,logged
POLICY_000432,USR_0094,DEV_00290,data_exfiltration,Policy_37,2025-12-31T00:27:53.828623,medium,blocked
POLICY_000433,USR_0076,DEV_00116,data_exfiltration,Policy_19,2025-12-29T08:27:53.828632,medium,blocked
POLICY_000434,USR_0142,DEV_00217,mfa_disabled,Policy_46,2026-01-01T15:27:53.828641,medium,logged
POLICY_000435,USR_0068,DEV_00272,privilege_abuse,Policy_31,2025-12-29T01:27:53.828649,high,alerted
POLICY_000436,USR_0083,DEV_00143,data_exfiltration,Policy_16,2025-12-31T04:27:53.828658,high,blocked
POLICY_000437,USR_0001,DEV_00102,data_exfiltration,Policy_48,2025-12-27T20:27:53.828669,medium,alerted
POLICY_000438,USR_0021,DEV_00053,data_exfiltration,Policy_8,2026-01-01T12:27:53.828677,medium,alerted
POLICY_000439,USR_0123,DEV_00162,password_policy,Policy_10,2026-01-01T18:27:53.828686,high,blocked
POLICY_000440,USR_0071,DEV_00099,privilege_abuse,Policy_42,2025-12-30T22:27:53.828695,high,logged
POLICY_000441,USR_0035,DEV_00132,data_exfiltration,Policy_3,2026-01-01T14:27:53.828703,critical,alerted
POLICY_000442,USR_0057,DEV_00155,after_hours_access,Policy_24,2025-12-31T19:27:53.828711,high,blocked
POLICY_000443,USR_0128,DEV_00166,privilege_abuse,Policy_15,2026-01-02T02:27:53.828720,medium,blocked
POLICY_000444,USR_0103,DEV_00127,privilege_abuse,Policy_3,2025-12-31T21:27:53.828728,high,blocked
POLICY_000445,USR_0127,DEV_00249,data_exfiltration,Policy_5,2026-01-02T14:27:53.828737,medium,alerted
POLICY_000446,USR_0008,DEV_00140,privilege_abuse,Policy_31,2025-12-29T15:27:53.828745,high,alerted
POLICY_000447,USR_0070,DEV_00195,unauthorized_software,Policy_25,2025-12-30T02:27:53.828754,medium,alerted
POLICY_000448,USR_0027,DEV_00012,privilege_abuse,Policy_30,2025-12-30T17:27:53.828762,high,blocked
POLICY_000449,USR_0046,DEV_00156,unauthorized_software,Policy_16,2025-12-30T07:27:53.828770,critical,blocked
POLICY_000450,USR_0085,DEV_00257,after_hours_access,Policy_24,2025-12-28T22:27:53.828779,medium,blocked
POLICY_000451,USR_0071,DEV_00165,mfa_disabled,Policy_33,2025-12-28T07:27:53.828788,medium,blocked
POLICY_000452,USR_0020,DEV_00027,privilege_abuse,Policy_21,2025-12-31T16:27:53.828797,high,blocked
POLICY_000453,USR_0029,DEV_00213,data_exfiltration,Policy_8,2026-01-01T22:27:53.828808,medium,logged
POLICY_000454,USR_0053,DEV_00271,mfa_disabled,Policy_12,2025-12-29T19:27:53.828817,high,alerted
POLICY_000455,USR_0090,DEV_00019,data_exfiltration,Policy_33,2026-01-02T04:27:53.828825,medium,logged
POLICY_000456,USR_0023,DEV_00172,after_hours_access,Policy_45,2026-01-01T14:27:53.828834,medium,logged
POLICY_000457,USR_0031,DEV_00230,unauthorized_software,Policy_34,2025-12-31T00:27:53.828847,medium,alerted
POLICY_000458,USR_0054,DEV_00295,data_exfiltration,Policy_1,2025-12-31T18:27:53.828856,medium,blocked
POLICY_000459,USR_0115,DEV_00174,privilege_abuse,Policy_33,2025-12-29T17:27:53.828865,medium,blocked
POLICY_000460,USR_0149,DEV_00078,data_exfiltration,Policy_8,2025-12-27T19:27:53.828873,critical,alerted
POLICY_000461,USR_0079,DEV_00030,password_policy,Policy_8,2025-12-27T15:27:53.828882,medium,logged
POLICY_000462,USR_0024,DEV_00212,unauthorized_software,Policy_36,2025-12-30T22:27:53.828890,medium,alerted
POLICY_000463,USR_0022,DEV_00232,data_exfiltration,Policy_7,2025-12-28T11:27:53.828898,medium,alerted
POLICY_000464,USR_0046,DEV_00091,data_exfiltration,Policy_44,2026-01-02T09:27:53.828907,high,alerted
POLICY_000465,USR_0030,DEV_00010,privilege_abuse,Policy_30,2025-12-30T09:27:53.828916,high,blocked
POLICY_000466,USR_0038,DEV_00056,privilege_abuse,Policy_11,2025-12-31T06:27:53.828924,medium,alerted
POLICY_000467,USR_0084,DEV_00001,data_exfiltration,Policy_6,2025-12-31T21:27:53.828932,medium,blocked
POLICY_000468,USR_0139,DEV_00282,password_policy,Policy_3,2025-12-29T13:27:53.828941,medium,blocked
POLICY_000469,USR_0150,DEV_00046,data_exfiltration,Policy_47,2026-01-02T01:27:53.828949,medium,logged
POLICY_000470,USR_0139,DEV_00085,password_policy,Policy_50,2025-12-26T18:27:53.828958,high,alerted
POLICY_000471,USR_0118,DEV_00085,privilege_abuse,Policy_20,2025-12-30T07:27:53.828967,medium,blocked
POLICY_000472,USR_0054,DEV_00216,after_hours_access,Policy_37,2025-12-27T22:27:53.828979,critical,blocked
POLICY_000473,USR_0141,DEV_00109,unauthorized_software,Policy_11,2025-12-27T15:27:53.828988,medium,logged
POLICY_000474,USR_0031,DEV_00112,mfa_disabled,Policy_21,2025-12-27T02:27:53.829009,high,blocked
POLICY_000475,USR_0146,DEV_00255,mfa_disabled,Policy_49,2025-12-30T09:27:53.829018,medium,blocked
POLICY_000476,USR_0144,DEV_00179,privilege_abuse,Policy_6,2026-01-02T16:27:53.829033,medium,logged
POLICY_000477,USR_0070,DEV_00247,data_exfiltration,Policy_37,2025-12-29T07:27:53.829041,medium,blocked
POLICY_000478,USR_0138,DEV_00111,privilege_abuse,Policy_4,2025-12-26T23:27:53.829050,critical,logged
POLICY_000479,USR_0011,DEV_00259,mfa_disabled,Policy_9,2025-12-28T07:27:53.829058,medium,logged
POLICY_000480,USR_0018,DEV_00131,after_hours_access,Policy_35,2025-12-31T15:27:53.829067,high,blocked
POLICY_000481,USR_0058,DEV_00172,password_policy,Policy_29,2025-12-30T02:27:53.829075,critical,alerted
POLICY_000482,USR_0049,DEV_00012,mfa_disabled,Policy_9,2026-01-01T08:27:53.829084,medium,blocked
POLICY_000483,USR_0067,DEV_00231,password_policy,Policy_42,2025-12-28T09:27:53.829092,medium,alerted
POLICY_000484,USR_0036,DEV_00184,password_policy,Policy_19,2026-01-01T21:27:53.829101,critical,alerted
POLICY_000485,USR_0022,DEV_00019,after_hours_access,Policy_35,2025-12-31T03:27:53.829109,medium,blocked
POLICY_000486,USR_0140,DEV_00285,password_policy,Policy_8,2025-12-29T15:27:53.829118,medium,logged
POLICY_000487,USR_0124,DEV_00203,privilege_abuse,Policy_19,2026-01-01T22:27:53.829126,medium,alerted
POLICY_000488,USR_0145,DEV_00150,unauthorized_software,Policy_24,2026-01-02T11:27:53.829135,medium,logged
POLICY_000489,USR_0071,DEV_00169,data_exfiltration,Policy_7,2026-01-02T16:27:53.829143,high,blocked
POLICY_000490,USR_0081,DEV_00184,after_hours_access,Policy_6,2025-12-30T15:27:53.829152,medium,blocked
POLICY_000491,USR_0137,DEV_00117,privilege_abuse,Policy_40,2026-01-02T15:27:53.829160,medium,alerted
POLICY_000492,USR_0006,DEV_00284,unauthorized_software,Policy_23,2025-12-31T07:27:53.829169,medium,blocked
POLICY_000493,USR_0055,DEV_00177,privilege_abuse,Policy_30,2025-12-28T09:27:53.829178,medium,alerted
POLICY_000494,USR_0150,DEV_00117,unauthorized_software,Policy_26,2025-12-27T18:27:53.829186,medium,logged
POLICY_000495,USR_0058,DEV_00150,after_hours_access,Policy_22,2025-12-27T05:27:53.829195,medium,alerted
POLICY_000496,USR_0086,DEV_00070,mfa_disabled,Policy_19,2025-12-31T09:27:53.829209,high,logged
POLICY_000497,USR_0095,DEV_00158,unauthorized_software,Policy_40,2025-12-31T10:27:53.829218,medium,alerted
POLICY_000498,USR_0010,DEV_00261,mfa_disabled,Policy_7,2026-01-01T04:27:53.829226,high,logged
POLICY_000499,USR_0056,DEV_00016,privilege_abuse,Policy_29,2025-12-29T14:27:53.829235,medium,blocked
